tarih,toplam_bot_sinyal,toplam_backtest_sinyal,ortusen_sinyal,uyum_orani_pct,uyusmazliklar
2026-07-15,0,0,0,100.0,YOK
2026-07-16,3,3,3,100.0,YOK
2026-07-17,7,7,7,100.0,YOK
2026-07-20,5,5,5,100.0,YOK
2026-07-21,7,7,7,100.0,YOK
2026-07-22,2,2,2,100.0,YOK
2026-07-23,5,5,5,100.0,YOK
2026-07-24,7,7,7,100.0,YOK
2026-07-27,4,4,4,100.0,YOK
2026-07-28,4,4,4,100.0,YOK
2026-07-29,4,4,4,100.0,YOK
2026-07-30,4,4,4,100.0,YOK
2026-07-31,4,4,4,100.0,YOK
2026-08-03,5,5,5,100.0,YOK
2026-08-04,3,3,3,100.0,YOK
2026-08-05,11,11,11,100.0,YOK
2026-08-06,11,11,11,100.0,YOK
2026-08-07,11,11,11,100.0,YOK
2026-08-10,9,9,9,100.0,YOK
2026-08-11,5,5,5,100.0,YOK
2026-08-12,9,9,9,100.0,YOK
2026-08-13,8,8,8,100.0,YOK
2026-08-14,11,11,11,100.0,YOK
2026-08-17,4,4,4,100.0,YOK
2026-08-18,3,3,3,100.0,YOK
2026-08-19,9,9,9,100.0,YOK
2026-08-20,11,11,11,100.0,YOK
2026-08-21,6,6,6,100.0,YOK
2026-08-24,5,5,5,100.0,YOK
2026-08-25,11,11,11,100.0,YOK
2026-08-26,13,13,13,100.0,YOK
2026-08-27,7,7,7,100.0,YOK
2026-08-28,6,6,6,100.0,YOK
2026-08-31,12,12,12,100.0,YOK
2026-09-01,8,8,8,100.0,YOK
2026-09-02,7,7,7,100.0,YOK
2026-09-03,7,7,7,100.0,YOK
2026-09-04,4,4,4,100.0,YOK
2026-09-07,4,4,4,100.0,YOK
2026-09-08,8,8,8,100.0,YOK
2026-09-09,13,13,13,100.0,YOK
2026-09-10,9,9,9,100.0,YOK
2026-09-11,13,13,13,100.0,YOK
2026-09-14,8,8,8,100.0,YOK
2026-09-15,6,6,6,100.0,YOK
2026-09-16,6,6,6,100.0,YOK
2026-09-17,7,7,7,100.0,YOK
2026-09-18,6,6,6,100.0,YOK
2026-09-21,5,5,5,100.0,YOK
2026-09-22,4,4,4,100.0,YOK
2026-09-23,5,5,5,100.0,YOK
2026-09-24,3,3,3,100.0,YOK
2026-09-25,0,0,0,100.0,YOK
2026-09-28,1,1,1,100.0,YOK
2026-09-29,0,0,0,100.0,YOK
2026-09-30,2,2,2,100.0,YOK
2026-10-01,1,1,1,100.0,YOK
2026-10-02,2,2,2,100.0,YOK
2026-10-05,1,1,1,100.0,YOK
2026-10-06,0,0,0,100.0,YOK
